[
    {
        "name": "Java",
        "icon": "https://img.icons8.com/color/48/000000/java-coffee-cup-logo--v1.png"
    },
    {
        "name": "Spring Boot",
        "icon": "https://img.icons8.com/color/48/spring-logo.png"
    },
    {
        "name":"Angular",
        "icon":"https://img.icons8.com/color/48/angularjs.png"
    },
    {
        "name": "AWS",
        "icon": "https://img.icons8.com/color/48/000000/amazon-web-services.png"
    },
    {
        "name": "AWSLambda",
        "icon": "https://img.icons8.com/color/48/awslambda.png"
    },
    {
        "name": "AWS SNS",
        "icon": "https://img.icons8.com/color/48/000000/amazon-web-services.png"
    },
    {
        "name": "Docker",
        "icon": "https://img.icons8.com/color/48/000000/docker.png"
    },
    {
        "name": "GitHubActions",
        "icon": "https://img.icons8.com/color/48/000000/git.png"
    },
    {
        "name": "REST API",
        "icon": "https://img.icons8.com/color/48/api-settings.png"
    },
    {
        "name": "MongoDB",
        "icon": "https://img.icons8.com/color/48/000000/mongodb.png"
    },
    {
        "name": "MySQL",
        "icon": "https://img.icons8.com/color/48/000000/mysql-logo.png"
    },
    {
        "name": "Oracle DB",
        "icon": "https://img.icons8.com/color/48/oracle-logo.png"
    },
    {
        "name": "HTML5",
        "icon": "https://img.icons8.com/color/48/000000/html-5--v1.png"
    },
    {
        "name": "CSS3",
        "icon": "https://img.icons8.com/color/48/000000/css3.png"
    },
    {
        "name": "JavaScript",
        "icon": "https://img.icons8.com/color/48/000000/javascript--v1.png"
    },
    {
        "name": "TypeScript",
        "icon": "https://img.icons8.com/color/48/typescript.png"
    },
    {
        "name": "Bootstrap",
        "icon": "https://img.icons8.com/color/48/000000/bootstrap.png"
    },
    {
        "name": "PHP",
        "icon": "https://img.icons8.com/offices/48/000000/php-logo.png"
    },
    {
        "name": "Postman",
        "icon": "https://img.icons8.com/external-tal-revivo-shadow-tal-revivo/48/external-postman-is-the-only-complete-api-development-environment-logo-shadow-tal-revivo.png"
    },
    {
        "name": "Linux",
        "icon": "https://img.icons8.com/color/48/linux--v1.png"
    },
    {
        "name": "Mockito",
        "icon": "https://img.icons8.com/fluency/48/test--v1.png"
    },
    {
        "name": "Junit5",
        "icon": "https://img.icons8.com/fluency/48/test--v1.png"
    },
    {
        "name": "Git VCS",
        "icon": "https://img.icons8.com/color/48/000000/git.png"
    },
    {
        "name": "GitHub",
        "icon": "https://img.icons8.com/glyph-neue/48/ffffff/github.png"
    }   
]